"","Blank 1","Frequency","Blank 2","Frequency","Blank 3","Frequency","Blank 4","Frequency"
"1","",13,"",8,"reaction",7,"any monoclonal antibody                                                                                                                                               ",7
"6","no",1,"allergic anaphylactic or other",7,"reactions",7,"chimeric or humanized antibodies or fusion proteins                                                                                                                                       ",6
"8","have a known immediate or delayed hypersensitivity reaction or idiosyncrasy to talimogene laherparepvec or any of its components or nivolumab or",1,"",NA,"",1,"a monoclonal antibody                                                                                                                                               ",1
"2","",NA,"",NA,"",NA,"chimeric or humanized antibodies i . e . antibodies with generic names ending in ximab or zumab respectively or fusion proteins                                                                                                                         ",1
