"","Blank 1","Frequency","Blank 2","Frequency","Blank 3","Frequency","Blank 4","Frequency","Blank 5","Frequency","Blank 6","Frequency","Blank 7","Frequency"
"1","",3,"on enzyme inducing anti epileptic drugs eiaed are not eligible for treatment on this protocol patients may",3,"on non enzyme inducing anti epileptic drugs or not be taking any anti epileptic drugs patients previously treated with eiaed may be",4,"if they have been off the eiaed for 10 days",4,"more prior to",4,"first dose",4,"azd1775 mk 1775                   ",1
"3","concurrent use of enzyme inducing anti epileptic drugs eiaed",1,"must",2,"",2,"on aall08b1",2,"apec14b1 if open for",1,"classification",2,"mln0128 tak 228                   ",1
"5","b all",1,"may",1,"",NA,"",NA,"project everychild apec14b1 if open for",1,"",NA,"mln0128                            ",1
"6","t all t all",1,"",NA,"",NA,"",NA,"",NA,"",NA,"pt2385                     ",1
"2","",NA,"",NA,"",NA,"",NA,"",NA,"",NA,"newly diagnosed all patients prior to treatment and enrollment on aall0932 note b lly patients are not eligible for aall08b1 and can enroll directly onto aall0932                                        ",1
"4","",NA,"",NA,"",NA,"",NA,"",NA,"",NA,"all patients prior to treatment and enrollment on aall1231                                                     ",1
