"","Blank 1","Frequency","Blank 2","Frequency","Blank 3","Frequency"
"1","serum",22,"2",19,"                                        ",36
"2","",13,"2 . 5",12,"within 28 days prior to registration                               ",2
"5","patients must have a serum",1,"2 . 8",6,"within 14 days of registration and within 7 days of the start of treatment                              ",1
"13","patients on part a and part b serum",1,"3",3,"within 30 days of day 1 of study                                  ",1
"14","patients on part c with all serum",1,"3 . 0",1,"within 7 days prior to enrollment                                     ",1
"23","inclusion criteria for stratum c",1,"",NA,"",NA
"27","within 14 days prior to registration serum",1,"",NA,"",NA
"36","patients with solid tumors serum",1,"",NA,"",NA
