"","Blank 1","Frequency","Blank 2","Frequency","Blank 3","Frequency","Blank 4","Frequency"
"1","",4,"",6,"or encasing",3,"major blood vessels                          ",4
"5","evidence of",4,"in contact with",2,"the gastrointestinal gi tract esophagus stomach small or large bowel rectum or anus or",3,"evidence of endotracheal or endobronchial tumor within 28 days before the first dose of cabozantinib ",4
"2","",NA,"",NA,"",1,"",NA
"3","",NA,"",NA,"the gi tract esophagus stomach small or large bowel rectum or anus or",1,"",NA
