"","Blank 1","Frequency","Blank 2","Frequency","Blank 3","Frequency"
"1","",8,"",10,"unless they have agreed not to breastfeed their infants                                                                                                                                                           ",5
"3","for b lly patients the following additional exclusion criteria apply t lymphoblastic lymphoma morphologically unclassifiable lymphoma absence of both b cell and t cell phenotype markers in a case submitted as lymphoblastic lymphoma cns3 positive disease or testicular involvement m2 5 25 blasts or m3 > = 25 blasts marrow female patients who are pregnant are ineligible",1,"who plan to breastfeed their infants",1,"                                                                                                                                                             ",2
"6","pregnancy and breast feeding female patients who are pregnant are ineligible",1,"",NA,"unless they have agreed not to breastfeed their infants female patients of childbearing potential are not eligible unless a negative pregnancy test result has been obtained sexually active patients of reproductive potential are not eligible unless they have agreed to use an effective contraceptive method for the duration of their study participation                                                       ",1
"7","female patients of childbearing potential are not eligible unless a negative pregnancy test result has been obtained",1,"",NA,"unless they have agreed not to breastfeed their infants during treatment and for a period of 1 month following completion of treatment female patients of childbearing potential are not eligible unless a negative pregnancy test result has been obtained                                                                                                                  ",1
"2","",NA,"",NA,"unless they have agreed not to breastfeed their infants for the duration of protocol therapy sexually active patients of reproductive potential are not eligible unless they have agreed to use an effective contraceptive method for the duration of protocol therapy                                                                                                           ",1
"4","",NA,"",NA,"unless they have agreed to not breastfeed their infants                                                                                                                                                           ",1
