"","Blank 1","Frequency","Blank 2","Frequency","Blank 3","Frequency"
"2","radiotherapy to the region of the study cancer that would result in overlap of",12,"",16,"                     ",15
"1","",1,"to the pelvis that would result in overlap of radiation therapy",1,"except patients who have progressed following stereotactic radiosurgery for 1 3 brain metastases with at least one new lesion",1
"5","radiotherapy including brachytherapy to the region of the study cancer that would result in overlap of",1,"",NA,"to include y90                ",1
"7","radiotherapy to the region of the liver that would result in excessive doses to normal tissues due to overlap of",1,"",NA,"",NA
"13","radiotherapy to the region of the liver that would result in overlap of",1,"",NA,"",NA
"14","receipt of radiotherapy that would result in overlap of the new and old",1,"",NA,"",NA
