"","Blank 1","Frequency","Blank 2","Frequency","Blank 3","Frequency"
"3","",6,"",7,"symptoms of infection within 2 weeks prior to cycle 1 day 1                     ",6
"1","patients must not have a systemic bacterial fungal or viral infection that is not controlled defined as exhibiting ongoing",1,"/ symptoms related to the infection and without improvement despite appropriate antibiotics",2,"other treatment",2
"2","patients must not have systemic fungal bacterial viral or other infection that is not controlled defined as exhibiting ongoing",1,"",NA,"symptoms of active tuberculosis infection                       ",1
"8","patients must not have clinical",1,"",NA,"",NA
