"","Blank 1","Frequency","Blank 2","Frequency","Blank 3","Frequency"
"1","",4,"",4,"300 mg / dl                                                                  ",4
"2","treatment for patients on everolimus",1,"cholesterol = < 300 mg / dl and",1,"2 . 5 x uln obtained within 28 days prior to registration patients may be on lipid lowering agents to reach these values                                       ",1
"4","metabolic",1,"serum cholesterol = < 300 mg / dl or = < 7 . 75 mmol / l and fasting",1,"2 . 5 x upper limit of normal uln note in case one or both of these thresholds are exceeded the patient can receive everolimus on study only after initiation of appropriate lipid lowering medication with follow up documentation of values below the above cut off",1
"7","within less than or equal to 14 days prior to registration",1,"serum glucose = < 130 mg / dl and fasting",1,"300 mg / dl 3 . 42 mmol / l                                                            ",1
